{
  "initial_capital": 10000,
  "final_equity": 38884.38969473258,
  "total_return": 2.888438969473258,
  "total_return_pct": 288.8438969473258,
  "sharpe_ratio": 207.151566363535,
  "sortino_ratio": 814.7231027977521,
  "volatility": 12.398679689642849,
  "max_drawdown": 0.10830224859497105,
  "max_drawdown_pct": 10.830224859497104,
  "calmar_ratio": 1000.0,
  "max_drawdown_duration_bars": 35,
  "total_trades": 223,
  "winning_trades": 94,
  "losing_trades": 129,
  "win_rate": 0.42152466367713004,
  "win_rate_pct": 42.152466367713004,
  "gross_profit": 54282.99920719383,
  "gross_loss": 27197.477546945724,
  "profit_factor": 1.995883593009522,
  "avg_trade_pnl": 121.45973838676278,
  "avg_winner": 577.4787149701472,
  "avg_loser": -210.83315927864902,
  "best_trade": 1576.8026870413064,
  "worst_trade": -476.6409951492763,
  "total_fees": 1798.8680344844702,
  "expectancy": 121.45973838676282,
  "avg_edge": 0.12404666787060066
}