{
  "initial_capital": 10000,
  "final_equity": 9892.601978003371,
  "total_return": -0.010739802199662881,
  "total_return_pct": -1.0739802199662882,
  "sharpe_ratio": -43.8395261890709,
  "sortino_ratio": -5.024515839054048,
  "volatility": 0.08882295017267927,
  "max_drawdown": 0.010739802199662881,
  "max_drawdown_pct": 1.0739802199662882,
  "calmar_ratio": -20.197788013786283,
  "max_drawdown_duration_bars": 1399,
  "total_trades": 15,
  "winning_trades": 0,
  "losing_trades": 15,
  "win_rate": 0.0,
  "win_rate_pct": 0.0,
  "gross_profit": 0.0,
  "gross_loss": 160.96312024930555,
  "profit_factor": 0.0,
  "avg_trade_pnl": -10.730874683287036,
  "avg_winner": 0.0,
  "avg_loser": -10.730874683287036,
  "best_trade": -4.00064474671298,
  "worst_trade": -14.987794004828547,
  "total_fees": 53.56509825268072,
  "expectancy": -10.730874683287036,
  "avg_edge": 0.16255145677977784
}