{
  "initial_capital": 10000,
  "final_equity": 10487.615031839283,
  "total_return": 0.04876150318392829,
  "total_return_pct": 4.8761503183928285,
  "sharpe_ratio": 14.77391992634349,
  "sortino_ratio": 5.185501412279282,
  "volatility": 1.3214940472456493,
  "max_drawdown": 0.04691700711457264,
  "max_drawdown_pct": 4.691700711457264,
  "calmar_ratio": 35.11889518968502,
  "max_drawdown_duration_bars": 502,
  "total_trades": 21,
  "winning_trades": 9,
  "losing_trades": 12,
  "win_rate": 0.42857142857142855,
  "win_rate_pct": 42.857142857142854,
  "gross_profit": 1441.1889303215505,
  "gross_loss": 1013.0081499643011,
  "profit_factor": 1.4226824634849569,
  "avg_trade_pnl": 20.389560969392836,
  "avg_winner": 160.13210336906116,
  "avg_loser": -84.41734583035843,
  "best_trade": 284.5810626148831,
  "worst_trade": -206.8451599396299,
  "total_fees": 59.43425148203008,
  "expectancy": 20.389560969392825,
  "avg_edge": 0.05961904761904764
}