{
  "initial_capital": 10000,
  "final_equity": 10491.08955754125,
  "total_return": 0.04910895575412506,
  "total_return_pct": 4.910895575412506,
  "sharpe_ratio": 12.530472281200474,
  "sortino_ratio": 3.7757973906525084,
  "volatility": 1.2028751101480633,
  "max_drawdown": 0.060416647537545574,
  "max_drawdown_pct": 6.041664753754557,
  "calmar_ratio": 26.89580646206315,
  "max_drawdown_duration_bars": 989,
  "total_trades": 19,
  "winning_trades": 8,
  "losing_trades": 11,
  "win_rate": 0.42105263157894735,
  "win_rate_pct": 42.10526315789473,
  "gross_profit": 1405.562621463217,
  "gross_loss": 975.2443288962238,
  "profit_factor": 1.441241522577245,
  "avg_trade_pnl": 22.648331187736478,
  "avg_winner": 175.69532768290213,
  "avg_loser": -88.65857535420217,
  "best_trade": 272.3264737195937,
  "worst_trade": -225.07999999999998,
  "total_fees": 60.77126497425979,
  "expectancy": 22.648331187736474,
  "avg_edge": 0.07925
}