{
  "initial_capital": 10000,
  "final_equity": 11295.68604537202,
  "total_return": 0.129568604537202,
  "total_return_pct": 12.956860453720202,
  "sharpe_ratio": 20.465892756628683,
  "sortino_ratio": 13.287414430202702,
  "volatility": 2.276705487161399,
  "max_drawdown": 0.06667675037348127,
  "max_drawdown_pct": 6.667675037348126,
  "calmar_ratio": 981.591007446446,
  "max_drawdown_duration_bars": 1108,
  "total_trades": 47,
  "winning_trades": 16,
  "losing_trades": 31,
  "win_rate": 0.3404255319148936,
  "win_rate_pct": 34.04255319148936,
  "gross_profit": 3289.571088125661,
  "gross_loss": 2159.5061349546318,
  "profit_factor": 1.5232978665257508,
  "avg_trade_pnl": 24.043935173851676,
  "avg_winner": 205.5981930078538,
  "avg_loser": -69.66148822434296,
  "best_trade": 379.538,
  "worst_trade": -207.66848281421954,
  "total_fees": 165.62109220099117,
  "expectancy": 24.043935173851686,
  "avg_edge": 0.12880319148936173
}