{
  "initial_capital": 10000,
  "final_equity": 8932.60817986396,
  "total_return": -0.10673918201360393,
  "total_return_pct": -10.673918201360392,
  "sharpe_ratio": -63.889663434093315,
  "sortino_ratio": -100.1218256339545,
  "volatility": 9.208625995169797,
  "max_drawdown": 0.11899523745041521,
  "max_drawdown_pct": 11.89952374504152,
  "calmar_ratio": -8.40283232841784,
  "max_drawdown_duration_bars": 96,
  "total_trades": 103,
  "winning_trades": 45,
  "losing_trades": 58,
  "win_rate": 0.4368932038834951,
  "win_rate_pct": 43.689320388349515,
  "gross_profit": 4481.9624140321785,
  "gross_loss": 5755.612952629889,
  "profit_factor": 0.7787115726717262,
  "avg_trade_pnl": -12.36553920968652,
  "avg_winner": 99.59916475627064,
  "avg_loser": -99.23470607982567,
  "best_trade": 207.51561953866226,
  "worst_trade": -313.4293881891935,
  "total_fees": 206.25871846167263,
  "expectancy": -12.365539209686503,
  "avg_edge": 0.07405742965063158
}