{
  "initial_capital": 10000,
  "final_equity": 8932.019781243447,
  "total_return": -0.10679802187565529,
  "total_return_pct": -10.67980218756553,
  "sharpe_ratio": -21.66474373906619,
  "sortino_ratio": -35.306022294972855,
  "volatility": 9.159981743845568,
  "max_drawdown": 0.25484899118861637,
  "max_drawdown_pct": 25.484899118861637,
  "calmar_ratio": -3.847012835691346,
  "max_drawdown_duration_bars": 194,
  "total_trades": 246,
  "winning_trades": 118,
  "losing_trades": 128,
  "win_rate": 0.4796747967479675,
  "win_rate_pct": 47.96747967479675,
  "gross_profit": 11976.133186896912,
  "gross_loss": 13552.634997388985,
  "profit_factor": 0.8836756239066574,
  "avg_trade_pnl": -6.408543945089734,
  "avg_winner": 101.49265412624501,
  "avg_loser": -105.87996091710144,
  "best_trade": 317.35222829672267,
  "worst_trade": -345.2313613320387,
  "total_fees": 508.5215917355248,
  "expectancy": -6.4085439450897255,
  "avg_edge": 0.09714573348624556
}