{
  "initial_capital": 10000,
  "final_equity": 11189.779744225101,
  "total_return": 0.11897797442251012,
  "total_return_pct": 11.897797442251012,
  "sharpe_ratio": 16.726817175805824,
  "sortino_ratio": 8.370993322848888,
  "volatility": 2.4023885443650728,
  "max_drawdown": 0.06580246951310671,
  "max_drawdown_pct": 6.580246951310671,
  "calmar_ratio": 528.1183187637823,
  "max_drawdown_duration_bars": 1108,
  "total_trades": 47,
  "winning_trades": 16,
  "losing_trades": 31,
  "win_rate": 0.3404255319148936,
  "win_rate_pct": 34.04255319148936,
  "gross_profit": 3290.7556028212784,
  "gross_loss": 2265.0535552287693,
  "profit_factor": 1.4528378789211074,
  "avg_trade_pnl": 21.823447821117213,
  "avg_winner": 205.6722251763299,
  "avg_loser": -73.06624371705708,
  "best_trade": 379.538,
  "worst_trade": -207.6684828142196,
  "total_fees": 164.07769663258892,
  "expectancy": 21.82344782111722,
  "avg_edge": 0.12404787234042552
}