{
  "initial_capital": 10000,
  "final_equity": 11430.093676784749,
  "total_return": 0.14300936767847489,
  "total_return_pct": 14.300936767847489,
  "sharpe_ratio": 50.296484809779024,
  "sortino_ratio": 38.11005982854162,
  "volatility": 1.4098925107943834,
  "max_drawdown": 0.01595271446693517,
  "max_drawdown_pct": 1.5952714466935172,
  "calmar_ratio": 1000.0,
  "max_drawdown_duration_bars": 978,
  "total_trades": 32,
  "winning_trades": 21,
  "losing_trades": 11,
  "win_rate": 0.65625,
  "win_rate_pct": 65.625,
  "gross_profit": 2313.541373526974,
  "gross_loss": 951.2306022161436,
  "profit_factor": 2.4321561650108467,
  "avg_trade_pnl": 42.57221160346346,
  "avg_winner": 110.16863683461781,
  "avg_loser": -86.47550929237669,
  "best_trade": 204.43014990261912,
  "worst_trade": -140.98549682204393,
  "total_fees": 67.78290547391944,
  "expectancy": 42.57221160346345,
  "avg_edge": 0.034545826159563
}