{
  "initial_capital": 10000,
  "final_equity": 9727.457805090504,
  "total_return": -0.027254219490949617,
  "total_return_pct": -2.7254219490949616,
  "sharpe_ratio": -16.48086664135494,
  "sortino_ratio": -7.473647772822452,
  "volatility": 1.153401851772177,
  "max_drawdown": 0.028043604413752442,
  "max_drawdown_pct": 2.8043604413752443,
  "calmar_ratio": -31.89111614274534,
  "max_drawdown_duration_bars": 420,
  "total_trades": 18,
  "winning_trades": 7,
  "losing_trades": 11,
  "win_rate": 0.3888888888888889,
  "win_rate_pct": 38.88888888888889,
  "gross_profit": 501.1493654230801,
  "gross_loss": 803.2926059797329,
  "profit_factor": 0.623869013224459,
  "avg_trade_pnl": -16.78573558648071,
  "avg_winner": 71.59276648901144,
  "avg_loser": -73.02660054361208,
  "best_trade": 153.29442694657214,
  "worst_trade": -137.11610569802974,
  "total_fees": 29.601045647157633,
  "expectancy": -16.785735586480715,
  "avg_edge": 0.027397572869910788
}