{
  "initial_capital": 10000,
  "final_equity": 9862.212505799771,
  "total_return": -0.013778749420022905,
  "total_return_pct": -1.3778749420022904,
  "sharpe_ratio": -41.90557611960135,
  "sortino_ratio": -4.62690164502739,
  "volatility": 0.09903990224248589,
  "max_drawdown": 0.013778749420022905,
  "max_drawdown_pct": 1.3778749420022904,
  "calmar_ratio": -17.685548444107262,
  "max_drawdown_duration_bars": 1589,
  "total_trades": 16,
  "winning_trades": 0,
  "losing_trades": 16,
  "win_rate": 0.0,
  "win_rate_pct": 0.0,
  "gross_profit": 0.0,
  "gross_loss": 195.01124128656903,
  "profit_factor": 0.0,
  "avg_trade_pnl": -12.188202580410564,
  "avg_winner": 0.0,
  "avg_loser": -12.188202580410564,
  "best_trade": -3.9883550091295756,
  "worst_trade": -34.542589962577345,
  "total_fees": 57.22374708633774,
  "expectancy": -12.188202580410564,
  "avg_edge": 0.1612809250600946
}