{
  "initial_capital": 10000,
  "final_equity": 9959.167637325416,
  "total_return": -0.004083236267458414,
  "total_return_pct": -0.40832362674584144,
  "sharpe_ratio": -33.91637779868166,
  "sortino_ratio": -4.061148303027228,
  "volatility": 0.03985526921945707,
  "max_drawdown": 0.004083236267458414,
  "max_drawdown_pct": 0.40832362674584144,
  "calmar_ratio": -29.892993569193052,
  "max_drawdown_duration_bars": 743,
  "total_trades": 5,
  "winning_trades": 0,
  "losing_trades": 5,
  "win_rate": 0.0,
  "win_rate_pct": 0.0,
  "gross_profit": 0.0,
  "gross_loss": 61.19763084146322,
  "profit_factor": 0.0,
  "avg_trade_pnl": -12.239526168292645,
  "avg_winner": 0.0,
  "avg_loser": -12.239526168292645,
  "best_trade": -4.759399596115876,
  "worst_trade": -15.025,
  "total_fees": 20.36526816687628,
  "expectancy": -12.239526168292645,
  "avg_edge": 0.21511802846576655
}