{
  "initial_capital": 10000,
  "final_equity": 60009.17883167938,
  "total_return": 5.000917883167938,
  "total_return_pct": 500.09178831679384,
  "sharpe_ratio": 186.74125902130956,
  "sortino_ratio": 683.2422085017331,
  "volatility": 12.009262269225198,
  "max_drawdown": 0.10830224859497169,
  "max_drawdown_pct": 10.830224859497168,
  "calmar_ratio": 1000.0,
  "max_drawdown_duration_bars": 38,
  "total_trades": 334,
  "winning_trades": 140,
  "losing_trades": 194,
  "win_rate": 0.41916167664670656,
  "win_rate_pct": 41.91616766467065,
  "gross_profit": 96634.74091505517,
  "gross_loss": 49886.767640085876,
  "profit_factor": 1.9370816247754956,
  "avg_trade_pnl": 139.96399184122544,
  "avg_winner": 690.2481493932512,
  "avg_loser": -257.1482868045664,
  "best_trade": 2433.4349895107716,
  "worst_trade": -735.5865667681338,
  "total_fees": 3261.2055567100488,
  "expectancy": 139.96399184122535,
  "avg_edge": 0.12171299907667699
}