{
  "initial_capital": 10000,
  "final_equity": 1123994.6982195044,
  "total_return": 111.39946982195045,
  "total_return_pct": 11139.946982195044,
  "sharpe_ratio": 207.74141058009127,
  "sortino_ratio": 763.8426056112764,
  "volatility": 12.247725930111079,
  "max_drawdown": 0.1279711906986406,
  "max_drawdown_pct": 12.79711906986406,
  "calmar_ratio": 1000.0,
  "max_drawdown_duration_bars": 33,
  "total_trades": 824,
  "winning_trades": 341,
  "losing_trades": 483,
  "win_rate": 0.41383495145631066,
  "win_rate_pct": 41.383495145631066,
  "gross_profit": 2010850.7411586575,
  "gross_loss": 966677.1719241808,
  "profit_factor": 2.0801678156483603,
  "avg_trade_pnl": 1267.2009335369864,
  "avg_winner": 5896.922994600169,
  "avg_loser": -2001.4020122653847,
  "best_trade": 40923.666370690145,
  "worst_trade": -14816.556355916204,
  "total_fees": 69821.12898502825,
  "expectancy": 1267.2009335369864,
  "avg_edge": 0.1277221458562032
}